0;0;1.0
0;389;-14.71034758290052
1;1;1.0
2;2;1.0
3;3;1.0
4;4;1.0
5;5;1.0
5;162;-0.0664765144770114
5;197;-0.0031700997968056904
5;298;-0.003169846575676102
5;320;-0.127348569325936
5;323;-0.003169787726114825
5;406;-0.0031701087855211204
5;616;-0.0031701087855211204
5;622;-0.140190631497949
5;767;-0.25
5;771;-0.003169483398301565
5;833;-0.0031700997968056904
5;918;-0.0031697992470360987
5;926;-0.0302728319937203
6;6;1.0
6;528;-0.48
7;7;1.0
8;8;1.0
8;162;-0.00929022450508016
8;320;-0.000941710762381379
8;622;-0.0486397128289707
9;9;1.0
9;161;-1.077767569163363e-05
9;566;-0.01092597650915051
9;950;-0.009018759018759018
10;10;1.0
10;309;4400000.0
11;11;1.0
11;190;-0.27
12;12;1.0
12;51;-0.000514151055675894
12;131;-0.000436985126321071
12;264;-0.000424970794188218
12;304;-0.000181565583980071
12;412;-0.000125044870982727
12;668;-0.000242595039883515
12;835;-0.000573979591836735
12;873;-0.000162619068051146
12;961;-0.000283440815477429
13;13;1.0
13;812;-0.0185
14;14;1.0
14;298;-5.113001417892905e-07
14;323;-5.285741490950388e-07
14;325;-0.002749279911637121
14;771;-4.6723903241196954e-07
14;852;-0.00727
14;918;-4.7650982138220293e-07
15;15;1.0
15;145;-4.3
15;758;-7.533333333333333
16;16;1.0
16;882;0.003
17;17;1.0
17;836;-0.2
18;18;1.0
19;19;1.0
19;183;-220.0
19;431;-23.19371210332438
19;475;-15.0
19;796;-60.0
20;20;1.0
21;21;1.0
22;6;-0.3
22;22;1.0
22;286;-0.35
23;23;1.0
24;24;1.0
24;162;-0.0280487294968274
24;320;-0.00340080575468063
24;622;-0.677701920929581
24;926;-0.00370502184441226
25;25;1.0
26;26;1.0
26;79;-0.57
26;867;-0.34
27;27;1.0
27;622;-0.00132292400172338
28;28;1.0
28;98;-0.182
28;885;-0.0016534
29;29;1.0
29;368;-0.106
29;577;-0.12
29;724;-0.106
29;799;-0.106
30;30;1.0
30;842;-0.42432000000000003
31;31;1.0
31;298;-5.1130014178929046e-08
31;323;-5.285741490950388e-08
31;771;-4.6723903241196954e-08
31;918;-4.765098213822029e-08
32;32;1.0
32;208;-0.00030042000000000003
32;252;-0.00042869955156950664
32;306;-0.00030042000000000003
32;492;-1.23e-08
32;493;-1e-08
32;537;-7e-07
32;630;-0.00013131999999999998
32;878;-0.00043652968036529677
33;33;1.0
33;62;-0.31
33;197;-3.095e-06
33;298;-3.095e-06
33;323;-3.095e-06
33;406;-3.095e-06
33;616;-3.095e-06
33;771;-3.095e-06
33;833;-3.095e-06
33;918;-3.095e-06
34;34;1.0
34;304;-0.00680655360735842
34;873;-0.00381017763666009
35;35;1.0
36;36;1.0
36;187;-0.09528408000000001
36;442;-0.09552216000000001
36;902;-0.05970600000000001
36;975;-0.11309544
37;37;1.0
38;38;1.0
39;39;1.0
39;668;-4.28267045454546e-06
39;961;-7.63636363636364e-06
40;40;1.0
40;281;-2e-08
40;743;-2e-08
40;913;-2e-08
41;41;1.0
41;442;-37.223436
42;42;1.0
42;743;-0.0057
43;43;1.0
44;44;1.0
45;45;1.0
45;162;-0.0413870560807596
45;320;-0.00284985039732383
45;622;-0.0069496099735872
45;926;-0.0035338724592215
46;46;1.0
46;167;-1.09529e-07
47;47;1.0
47;285;-0.35
48;48;1.0
48;162;-0.157092350103479
48;320;-0.12523145536307
48;622;-0.055398762787398
48;926;-0.00622539004691176
49;49;1.0
50;50;1.0
50;926;-0.00262508454019263
51;51;1.0
51;486;-0.0677621311745659
51;888;-0.24723746830691
52;52;1.0
52;127;-1.0
52;135;-1.0
52;178;-0.03952941176470588
52;201;-1.0
52;281;-1.0
52;283;-1.0
52;286;-1.0
52;523;-1.0
52;722;-1.0
52;798;-0.09057971014492752
52;807;-1.0
53;53;1.0
53;897;-1.0
54;54;1.0
55;55;1.0
55;836;-200.0
56;56;1.0
57;57;1.0
57;283;-0.025
58;58;1.0
58;475;-3.217910447761195
59;59;1.0
59;197;-2.33e-07
59;298;-2.33e-07
59;323;-2.33e-07
59;406;-2.33e-07
59;616;-2.33e-07
59;771;-2.33e-07
59;833;-2.33e-07
59;918;-2.33e-07
60;60;1.0
60;852;-0.000129
61;61;1.0
61;309;-2000.0
62;62;1.0
62;847;-6600.0
63;63;1.0
64;64;1.0
64;836;-0.6
65;65;1.0
65;603;-0.875
66;66;1.0
66;98;-0.0026
66;885;-0.0003412
67;67;1.0
67;652;-0.17
68;68;1.0
68;171;-0.009990723562152134
68;197;-2.499726818015787e-05
68;298;-4.576030623471149e-06
68;323;-4.730629419678298e-06
68;406;-2.499726818015787e-05
68;616;-2.499726818015787e-05
68;771;-4.181692798511533e-06
68;833;-2.499726818015787e-05
68;852;-0.00708
68;918;-4.264664444251872e-06
69;69;1.0
70;70;1.0
70;622;-0.00561531807377424
71;71;1.0
71;931;-0.07349
72;72;1.0
72;767;-0.251
73;73;1.0
73;598;-0.07230769230769231
74;74;1.0
75;75;1.0
76;13;-1.6438
76;76;1.0
77;77;1.0
77;162;-1.743917384236
77;320;-0.112905866438183
77;622;-0.301456783371483
77;926;-0.165919659339047
78;78;1.0
79;79;1.0
79;789;-0.95
80;23;-2.95
80;80;1.0
81;81;1.0
82;82;1.0
83;83;1.0
83;162;-0.00243015790847698
83;320;-0.00217549792395151
84;84;1.0
84;389;-1.1106671993607669
85;85;1.0
86;86;1.0
86;744;-1.02
87;87;1.0
87;204;-0.005560000000000001
88;88;1.0
89;2;-0.25
89;4;-0.25
89;21;-0.25
89;37;-0.25
89;46;-15000.0
89;63;-0.25
89;89;1.0
89;141;-0.25
89;148;-0.25
89;149;-0.25
89;172;-0.25
89;176;-0.25
89;259;-0.25
89;315;-0.25
89;446;-2000.0
89;537;-0.006857
89;558;-4000.0
89;621;-0.25
89;691;-118.0
89;706;-0.25
89;744;-0.25
89;933;-0.25
89;940;-0.25
89;951;-0.25
90;90;1.0
90;162;-0.00341453874489795
90;320;-0.000943475243847957
90;622;-0.00107306247513933
91;91;1.0
91;652;-818.0
92;92;1.0
92;162;-45.1462700500727
92;320;-2.19478675958184
92;622;-5.24902488764079
92;926;-2.99052117217708
93;93;1.0
93;371;-0.00152
93;882;-0.001
94;94;1.0
94;309;-3330.0
95;95;1.0
96;96;1.0
96;480;-1800000.0
97;97;1.0
97;671;-1.6409943571755374
98;98;1.0
99;99;1.0
99;252;-0.0011043437520915599
99;878;-0.001345476256548685
100;1;-0.2518967587034814
100;100;1.0
100;598;-0.2569230769230769
101;2;-1.6931e-07
101;4;-1.6931e-07
101;21;-1.6931e-07
101;37;-1.6931e-07
101;63;-1.6931e-07
101;101;1.0
101;141;-1.6931e-07
101;148;-1.6931e-07
101;149;-1.6931e-07
101;172;-1.6931e-07
101;176;-1.6931e-07
101;259;-1.6931e-07
101;315;-1.6931e-07
101;621;-1.6931e-07
101;706;-1.6931e-07
101;744;-1.6931e-07
101;933;-1.6931e-07
101;940;-1.6931e-07
101;951;-1.6931e-07
102;102;1.0
102;208;-8.48e-08
102;306;-8.48e-08
103;103;1.0
103;387;-2.8615461179087874e-07
103;664;-2.8615461179087874e-07
104;104;1.0
104;931;-0.0013302609756724038
105;105;1.0
105;367;-9.7173e-10
106;106;1.0
106;882;-7.439999999999999e-05
107;51;-0.0232891385589489
107;107;1.0
107;131;-0.0197938077589137
107;264;-0.0192496030108219
107;304;-0.0477249209542971
107;412;-0.0328683247814519
107;835;-0.0259991496598639
107;873;-0.042744786750193
108;26;0.11
108;108;1.0
109;86;-3.2
109;109;1.0
109;197;0.005164605320643895
109;298;0.01027759469600731
109;323;0.01084676955722356
109;406;0.0008459492464642289
109;480;-500.0
109;616;0.0012852843910989183
109;771;0.00467633856493721
109;833;0.0056041324981717594
109;918;0.004903063732112151
109;945;-3.2
110;110;1.0
111;111;1.0
111;298;-3.834568915931747e-08
111;323;-3.964117816967447e-08
111;771;-3.504126292097367e-08
111;918;-3.573653906713343e-08
112;112;1.0
112;252;-0.0008244843049327353
112;298;-1.4060571751717557e-07
112;323;-1.453560079886822e-07
112;771;-1.2848906940336756e-07
112;852;-0.00856
112;878;-0.0008395433789954337
112;918;-1.3103850334357402e-07
113;47;-4.6e-10
113;113;1.0
113;168;-4.6e-10
113;213;-4.6e-10
113;312;-4.6e-10
113;344;-4.6e-10
113;519;-4.4e-10
113;623;-4.6e-10
113;638;-4.6e-10
113;651;-2.2e-10
113;722;-3.8e-10
113;963;-4.4e-10
114;114;1.0
114;183;-220.0
115;97;-0.0027881040892193307
115;115;1.0
116;116;1.0
116;173;-0.12916952642415921
117;117;1.0
118;118;1.0
118;836;-0.003
119;119;1.0
119;836;-0.3
120;51;-5.24212185277724e-05
120;120;1.0
120;131;-3.30560034939193e-05
120;264;-5.27731419094019e-05
120;304;-9.83474254816581e-05
120;412;-7.62709624873786e-05
120;668;-3.11612215909091e-05
120;835;-5.3602293810086e-05
120;873;-0.000109943887432243
120;961;-2.43181818181818e-05
121;121;1.0
121;691;-1418.0
122;122;1.0
123;123;1.0
123;187;-0.15252000000000002
123;310;-0.15276
123;394;-0.02417
123;407;-0.15276
123;442;-0.15252000000000002
123;489;-0.16302000000000003
123;630;-0.15276
123;645;-0.09380000000000001
123;952;-0.1504
123;975;-0.15252000000000002
124;124;1.0
124;836;-0.3
125;125;1.0
125;316;-0.0008964999999999999
125;492;-0.000234
125;493;-0.00024362
125;508;-0.0007239
125;537;-8.93e-05
125;597;-0.0008910000000000001
125;708;-0.0001246
126;126;1.0
126;162;-0.0114641440668571
126;320;-0.000604191036802619
126;622;-0.0016612974261811
127;127;1.0
127;528;-0.0016
128;128;1.0
129;129;1.0
130;130;1.0
130;427;-0.02
131;131;1.0
131;486;-0.137466326529417
131;888;-0.501560767931407
132;132;1.0
132;162;-1.25914867784907
132;320;-0.0614750997712508
132;622;-0.159044205699579
132;926;-0.0835326700161126
133;133;1.0
133;371;-2.54e-11
133;648;-8.041603247082699e-11
133;882;-2.536783358701167e-11
134;134;1.0
134;316;-0.00184
134;367;-0.0001751
134;493;-0.00035
134;508;-0.0011
134;597;-0.0013
134;708;-0.00032
135;135;1.0
135;427;-0.87
136;136;1.0
136;309;5120.0
137;137;1.0
138;46;-13000.0
138;138;1.0
139;139;1.0
139;314;-345000.0
140;140;1.0
140;448;-1.1106666666666667
140;657;-0.08621848739495798
141;141;1.0
142;142;1.0
142;183;-440.0
142;796;-45.0
143;143;1.0
143;367;-0.0069788
143;407;-0.031589696
143;489;-0.0046750704
143;493;-0.0006
143;508;-0.00010842
143;550;-0.0002502
143;630;-0.02533136
143;645;-0.031589696
143;838;-0.74892
143;902;-0.01959882
143;975;-0.03516144
144;144;1.0
145;145;1.0
146;146;1.0
146;607;-0.4285714285714285
147;147;1.0
147;645;-0.13935999999999998
148;148;1.0
149;149;1.0
150;150;1.0
150;897;-0.019
151;151;1.0
151;836;-0.003
152;152;1.0
152;842;-0.0103752
153;153;1.0
154;154;1.0
155;155;1.0
155;162;-0.149805036939872
155;174;-0.192
155;320;-0.0272025151945315
155;325;-0.1470629095323086
155;622;-0.176057542418772
155;842;-18.024
155;926;-0.0131121774826084
156;156;1.0
156;252;-0.011457566427949933
156;878;-0.013959316161692605
157;157;1.0
157;171;-0.19081632653061226
157;316;-0.00013163
157;389;-0.08789452656811826
157;448;-0.1
157;508;-0.00018896
157;597;-1.23e-05
157;975;-0.07748016
158;158;1.0
159;159;1.0
159;836;-0.12
160;160;1.0
160;668;-1.19850852272727e-07
160;961;-3.43181818181818e-06
161;161;1.0
161;729;-1.0
162;162;1.0
163;163;1.0
164;164;1.0
164;812;-1.693057110862262e-07
165;84;-0.03597122302158274
165;97;-0.001607806691449814
165;115;-0.002579925650557621
165;165;1.0
165;171;-0.0927643784786642
165;287;-0.000526924466931695
165;294;-0.00078
165;362;-0.004888278388278388
165;389;-0.07626847782660806
165;457;-0.00015626809173903365
165;506;-0.23154848046309698
165;511;-0.15260697590794678
165;590;-0.001949317738791423
165;633;-0.007211692167161453
165;732;-0.0585
165;768;-0.0029154228855721395
165;832;-0.00146
166;144;-0.7188
166;166;1.0
166;314;-7200000.0
166;480;-9000.0
166;640;-0.8439
166;798;-0.3381642512077294
166;885;-0.43978894899544746
167;167;1.0
167;882;-1.0
168;168;1.0
168;260;-0.57
169;162;-0.878738609280462
169;169;1.0
169;187;-0.14880000000000002
169;203;-21.1966
169;252;-1.3713596052052344
169;310;-0.4288
169;320;-0.168499030742732
169;323;-0.07429430434913233
169;325;-0.001881154643475704
169;343;-18.62
169;346;-21.1966
169;387;-18.62614
169;390;-3.4083419999999993
169;407;-0.4288
169;428;-1.5237
169;442;-1.6368
169;489;-0.4288
169;599;-1.5237
169;616;-0.004903199101220616
169;622;-0.00123253836746408
169;664;-7.936385
169;821;-7.9364
169;833;-0.07403558230941645
169;878;-2.771935886930641
169;918;-0.021570374032723553
169;926;-1.23045321291601
170;170;1.0
171;171;1.0
171;277;-2.912
171;606;-6.281948881789138
172;172;1.0
173;173;1.0
174;174;1.0
174;361;-0.8080460758187912
175;175;1.0
176;176;1.0
177;177;1.0
177;427;-0.00096
178;178;1.0
178;729;-1.0
179;173;-0.051338366506520246
179;179;1.0
180;162;-0.000640342885946522
180;180;1.0
180;320;-0.000494415776941585
181;181;1.0
181;853;-4.80849640408095e-06
182;130;-0.1
182;182;1.0
182;635;-0.060139784946236556
182;657;-0.047058823529411764
182;853;-0.019558
182;931;-0.0031626010994753127
183;183;1.0
183;755;-0.09476
184;184;1.0
184;622;-0.00120326516269508
185;185;1.0
185;852;-0.000223
186;13;-0.091324
186;183;-1320.0
186;186;1.0
186;578;-1000.0
186;979;-400.0
187;38;-1.00057
187;187;1.0
188;188;1.0
188;309;-187.0
189;189;1.0
190;100;-0.94
190;190;1.0
191;191;1.0
191;493;-1e-05
192;192;1.0
193;193;1.0
193;622;-0.00481149718886945
194;194;1.0
194;274;-0.02
195;195;1.0
196;196;1.0
196;394;-3.3e-05
196;902;-0.001410159
197;21;-122.4
197;197;1.0
198;198;1.0
198;897;-15.0
199;199;1.0
200;200;1.0
200;668;-8.98082386363633e-06
200;961;-1.85909090909091e-05
201;201;1.0
201;453;-0.11
201;522;-0.11
202;202;1.0
202;494;-0.00041
203;37;-1.02
203;203;1.0
204;204;1.0
204;630;-51.83924
205;13;-0.18493
205;205;1.0
205;578;-1500.0
205;979;-405.0
206;206;1.0
207;207;1.0
207;931;-0.0031626010994753127
208;208;1.0
209;209;1.0
209;773;-274.0
209;853;-0.01956
210;23;-0.000773
210;210;1.0
210;670;-0.0172
211;211;1.0
212;212;1.0
213;213;1.0
213;610;-0.38
214;214;1.0
214;931;-0.002377
215;215;1.0
215;836;158.0
216;51;-3.86046511627907e-05
216;131;-2.59423503325943e-05
216;216;1.0
216;264;-4.21714652223489e-05
216;304;-0.000199795918367347
216;412;-0.000156980473204105
216;668;-2.49289772727273e-05
216;835;-3.97959183673469e-05
216;873;-0.000227674418604651
216;961;-1.82727272727273e-05
217;217;1.0
217;597;-0.0004
218;218;1.0
218;691;-3.54
219;219;1.0
220;220;1.0
221;51;-0.00110391326081265
221;131;-0.000756279638111576
221;221;1.0
221;264;-0.000601933748277381
221;304;-0.000216421193829645
221;412;-0.000199086479581064
221;668;-0.000616480734837933
221;835;-0.000945493197278914
221;873;-0.000130850081524071
221;961;-0.00142354899105471
222;222;1.0
222;331;-0.030000000004922697
223;223;1.0
223;281;-0.45
224;224;1.0
224;842;-0.16752
225;225;1.0
225;316;-0.00015271
225;508;-0.00021921
226;226;1.0
226;853;-0.6675
227;190;-0.46
227;227;1.0
228;228;1.0
228;979;-7.0
229;229;1.0
229;836;-0.0012
230;230;1.0
230;353;-1.0
231;231;1.0
231;885;-0.000285
231;931;-0.004371787579187859
232;6;-1.1e-10
232;127;-1.4e-10
232;135;-1.5e-10
232;201;-1.5e-10
232;232;1.0
232;283;-7.7e-11
232;286;-1e-10
232;523;-1.5e-10
232;807;-1.5e-10
233;233;1.0
233;670;-0.031
234;234;1.0
234;767;1.8
235;235;1.0
236;203;-5.348319914762801e-10
236;236;1.0
236;428;-5.348319914762801e-10
237;162;-0.00305308259101963
237;237;1.0
237;320;-0.000517184165671171
238;129;-0.07537
238;238;1.0
238;251;-0.03038
238;836;-60.0
238;931;-0.01257
239;239;1.0
239;622;-7.09651371828812
240;240;1.0
240;244;-0.94
241;241;1.0
242;15;-50.0
242;101;-499.0
242;242;1.0
242;374;-0.3
242;567;-0.6
242;626;-1.0
242;635;-0.4593655913978495
242;640;-0.1571
242;657;-0.05957983193277311
242;846;-1.0
242;852;-0.15
242;885;-0.01304
242;919;-3.0
242;931;-0.7356
243;23;-0.0177
243;243;1.0
244;244;1.0
244;453;-0.89
245;161;-8.011405597447662e-06
245;245;1.0
245;566;-0.008121642538468542
246;246;1.0
246;306;-0.041393706
247;247;1.0
248;248;1.0
248;836;-0.3
249;249;1.0
249;261;-8.06180790960452e-06
250;38;-2.6e-10
250;54;-2.6e-10
250;154;-2.6e-10
250;250;1.0
250;308;-2.6e-10
250;321;-2.6e-10
250;565;-2.6e-10
250;639;-2.6e-10
250;780;-2.6e-10
250;907;-2.6e-10
250;943;-2.6e-10
250;954;-2.6e-10
251;251;1.0
252;252;1.0
252;306;-1.02
253;253;1.0
254;254;1.0
254;931;-0.00115
255;255;1.0
256;162;-0.000653640049533347
256;256;1.0
256;320;-0.000508148594987174
256;836;-3.0
257;257;1.0
257;441;-1.9e-08
257;528;-1.9e-08
257;575;-1.9e-08
257;893;-1.9e-08
258;258;1.0
258;691;-9000.0
259;259;1.0
260;260;1.0
260;441;-0.39
260;575;-0.39
261;208;-1.02
261;261;1.0
262;262;1.0
262;836;-0.9
263;263;1.0
263;931;-0.0006299884455209173
264;264;1.0
264;486;-0.0269306843047564
264;888;-0.0982595159253158
265;116;-1.0
265;168;-1.0
265;213;-1.0
265;265;1.0
265;797;-1.0
265;922;-1.0
265;931;-0.188
266;187;-0.007440000000000001
266;266;1.0
267;267;1.0
268;190;-0.49
268;268;1.0
269;269;1.0
270;270;1.0
271;271;1.0
271;931;-0.001268
272;46;-500.0
272;272;1.0
272;986;-854.0
273;273;1.0
274;260;-0.43
274;274;1.0
275;275;1.0
275;885;-0.0006888
276;276;1.0
276;306;-2.3377536e-08
277;277;1.0
277;768;-0.9796019900497513
278;253;-1.0
278;278;1.0
279;98;-0.1665
279;279;1.0
279;557;-1.1200564971751414
280;280;1.0
280;836;-6.0
281;281;1.0
281;288;-0.3
282;282;1.0
282;480;-20.0
283;283;1.0
283;610;-0.4
284;284;1.0
284;836;237.0
285;285;1.0
285;466;-0.11
286;286;1.0
286;528;-0.4
287;287;1.0
287;506;-1.001085383502171
288;288;1.0
288;893;-0.1
289;289;1.0
289;885;-0.0001575
289;931;-0.452
290;290;1.0
290;836;-42.2
291;291;1.0
291;353;-2.0
292;292;1.0
292;743;-0.0057
292;931;-0.0494702284212706
293;293;1.0
293;842;-0.50532
294;294;1.0
294;732;-1.0
295;295;1.0
296;296;1.0
296;316;-0.00405
296;493;-0.00108
296;508;-0.0013
296;597;-0.0026
297;154;-1.00057
297;297;1.0
298;298;1.0
298;945;-120.0
299;79;-0.55
299;299;1.0
299;867;-0.34
300;300;1.0
301;23;-0.000518
301;301;1.0
302;156;-3.43396556480316e-10
302;302;1.0
303;97;-0.010529739776951673
303;303;1.0
303;557;-0.05
304;304;1.0
304;486;-0.156938571381587
304;939;-0.216191793747545
305;305;1.0
305;853;-0.008372
306;306;1.0
307;162;-0.00571206502210416
307;307;1.0
307;320;-0.00126028339690803
307;622;-1.86908896837008
308;308;1.0
309;93;-4.22e-06
309;309;1.0
309;648;-4.227972264501945e-09
310;310;1.0
310;907;-1.00057
311;311;1.0
311;325;-0.2159921594053612
311;622;-0.00299915118010498
312;285;-0.46
312;312;1.0
313;313;1.0
313;508;-0.0005
314;297;-6.7e-12
314;314;1.0
314;601;-6.7e-12
315;315;1.0
316;316;1.0
316;394;-1.032
317;317;1.0
318;318;1.0
318;406;-2.3642079843686714e-06
318;616;-2.3642079843686714e-06
318;771;-1.7456639888883143e-06
318;918;-1.7424124486756497e-06
319;319;1.0
319;475;-13.33333333333333
319;566;-0.001905
320;320;1.0
321;321;1.0
322;322;1.0
323;2;-122.4
323;323;1.0
324;26;0.11
324;324;1.0
325;325;1.0
326;326;1.0
326;842;-6.7272
327;327;1.0
328;328;1.0
328;836;-0.03
329;329;1.0
329;353;-1.0
330;47;-1.0
330;101;-26600.0
330;281;-0.0014
330;312;-1.0
330;330;1.0
330;344;-1.0
330;519;-0.96
330;623;-1.0
330;638;-1.0
330;651;-0.49
330;743;-0.85
331;331;1.0
332;41;-9e-05
332;190;-1.25
332;310;-0.0078658
332;332;1.0
332;429;-8.8e-05
332;489;-0.007187752000000001
332;550;-8.8e-05
332;630;-0.071221
332;645;-0.0002412
332;902;-0.005022
332;931;-0.000838300131434256
333;333;1.0
334;334;1.0
335;145;-1.0
335;335;1.0
335;758;-1.0
336;336;1.0
337;252;-6.62606251254936e-05
337;337;1.0
337;878;-8.325134337394989e-05
338;322;-0.3725
338;338;1.0
339;339;1.0
339;729;-0.08450832732082732
340;310;-0.0062926399999999995
340;340;1.0
340;489;-0.0022696960000000003
340;853;-0.07823
340;902;-0.007552716000000001
340;931;-0.00146
341;341;1.0
341;852;-4.58e-06
342;51;-0.0232891385589489
342;131;-0.0197938077589137
342;264;-0.0192496030108219
342;304;-0.0477249209542971
342;342;1.0
342;412;-0.0328683247814519
342;835;-0.0259991496598639
342;873;-0.042744786750193
343;63;-1.02
343;343;1.0
344;344;1.0
344;427;-0.023
345;345;1.0
346;149;-1.02
346;346;1.0
347;347;1.0
348;298;-7.669380695180736e-12
348;323;-7.92848670226202e-12
348;348;1.0
348;771;-7.008474518851273e-12
348;918;-7.147534151630925e-12
349;6;-0.03
349;286;-0.03
349;349;1.0
350;350;1.0
351;351;1.0
352;51;-0.164528337816286
352;131;-0.19576933659184
352;264;-0.190386915796322
352;304;-0.0190619909935805
352;352;1.0
352;412;-0.0131280617847037
352;835;-0.220408163265306
352;873;-0.0170728567750794
353;167;-1.09529e-07
353;353;1.0
354;46;-120.0
354;354;1.0
354;558;-52.5
355;355;1.0
355;931;-0.0005050234354309246
356;356;1.0
357;357;1.0
358;358;1.0
358;367;-0.0003893
358;489;-0.007565844
359;359;1.0
359;622;-0.00450030354052496
360;23;-0.225
360;360;1.0
360;480;-42840.0
361;1;-0.8574855942376951
361;361;1.0
362;362;1.0
362;921;-1.0758620689655174
363;363;1.0
363;598;-0.18923076923076923
364;364;1.0
365;365;1.0
365;480;-3250.0
365;885;-0.11471
366;366;1.0
367;367;1.0
367;838;-55.303
368;173;-0.21153054221002057
368;368;1.0
369;369;1.0
369;853;-0.002780933062880325
370;370;1.0
370;931;-0.00119
371;371;1.0
371;406;-0.06953552895201975
371;428;-19.58557
371;599;-19.58557
371;616;-0.06931778213579072
371;664;-10.68991
371;771;-0.051343058496715124
371;821;-10.6899
371;918;-0.05124742496104852
372;51;-6.0429880197322e-05
372;131;-4.22517861542252e-05
372;264;-4.07402128468263e-05
372;304;-4.81060606060607e-05
372;372;1.0
372;412;-3.69571930824782e-05
372;668;-4.14299242424242e-05
372;835;-5.3030303030303e-05
372;873;-5.48185341789994e-05
372;961;-6.02617079889806e-05
373;252;-0.02816076567833478
373;373;1.0
373;878;-0.0353818209339287
374;374;1.0
375;375;1.0
375;622;-0.00343168427560932
376;376;1.0
377;377;1.0
377;630;-0.0023852
378;97;-0.3005576208178439
378;115;-1.5947955390334572
378;287;-0.7441272135887244
378;294;-0.03062
378;378;1.0
378;506;-0.33046309696092624
378;606;-1.483226837060703
378;633;-0.6645352820278604
378;921;-0.08866995073891626
379;379;1.0
380;380;1.0
380;622;-0.00141700848828484
381;41;-0.00403
381;187;-1.2276000000000002
381;310;-5.87992
381;381;1.0
381;394;-0.02826
381;407;-1.99392
381;429;-0.004
381;442;-12.28716
381;489;-6.24624
381;550;-0.004
381;557;-49.71610169491525
381;628;-0.2806
381;902;-2.67282
382;298;-2.556379277287831e-12
382;323;-2.642745211311632e-12
382;382;1.0
382;771;-2.336084194731578e-12
382;918;-2.382435937808895e-12
383;343;-10.2846
383;346;-11.6966
383;383;1.0
383;599;-11.6966
383;821;-10.2846
384;101;-2940.0
384;144;-0.25
384;367;-7.95e-14
384;384;1.0
384;431;-24.73995957687934
384;790;-0.25
384;852;-0.45
385;0;-0.022910670648927507
385;2;-3.2
385;4;-3.2
385;13;-0.45662
385;21;-3.2
385;37;-3.2
385;38;-0.0067
385;54;-0.0067
385;63;-3.2
385;84;-0.04676258992805756
385;97;-0.049433085501858744
385;98;-0.4239
385;115;-0.11285006195786863
385;141;-3.2
385;148;-3.2
385;149;-3.2
385;154;-0.0067
385;171;-0.026205936920222633
385;172;-3.2
385;176;-3.2
385;203;-1.3688320452015703
385;204;-0.005560000000000001
385;277;-8.059
385;287;-0.06364293458619444
385;294;-0.4534
385;297;-0.08724206185567011
385;308;-0.0067
385;315;-3.2
385;321;-0.0067
385;331;-0.4598
385;343;-1.8926840673253715
385;346;-1.3688320452015703
385;362;-0.04368131868131868
385;374;-2.277
385;385;1.0
385;387;-1.8926840673253715
385;389;-7.518977227327207
385;428;-3.1408194342333
385;448;-0.23
385;457;-0.03582720997550657
385;506;-0.1270260492040521
385;511;-0.11183027687882056
385;551;-0.02581085940309241
385;557;-2.5
385;565;-0.0067
385;567;-0.45
385;590;-0.021695906432748536
385;599;-3.1408194342333
385;601;-0.08724206185567011
385;606;-3.3274760383386583
385;621;-3.2
385;626;-6.25
385;633;-0.41950216944507884
385;635;-0.17658064516129032
385;639;-0.0067
385;657;-0.10815126050420168
385;664;-2.871255614620274
385;671;-0.021686746987951804
385;706;-3.2
385;732;-0.52
385;768;-0.21064676616915426
385;780;-0.0067
385;790;-1.93
385;812;-58.0
385;815;-0.10080536912751678
385;821;-2.871255614620274
385;832;-2.32
385;852;-0.645
385;853;-1.33
385;882;-0.578
385;885;-0.595374
385;907;-0.0067
385;921;-0.1477832512315271
385;931;-2.829
385;933;-3.2
385;940;-3.2
385;943;-0.0067
385;951;-3.2
385;954;-0.0067
386;298;-5.1130014178929046e-08
386;323;-5.285741490950388e-08
386;386;1.0
386;771;-4.6723903241196954e-08
386;918;-4.765098213822029e-08
387;387;1.0
387;621;-1.02
388;162;-0.00147861408493295
388;320;-0.000687127661724979
388;388;1.0
389;389;1.0
389;606;-1.9992012779552717
390;390;1.0
390;878;-2.775044779131663
391;391;1.0
391;836;-0.003
392;38;0.000168
392;54;0.000168
392;154;0.000168
392;308;0.000168
392;321;0.000168
392;392;1.0
392;565;0.000168
392;639;0.000168
392;780;0.000168
392;907;0.000168
392;943;0.000168
392;954;0.000168
393;393;1.0
393;836;5.0
394;394;1.0
394;429;-1.0246
395;298;-2.5563792772878314e-10
395;323;-2.642745211311632e-10
395;395;1.0
395;771;-2.3360841947315784e-10
395;918;-2.3824359378088957e-10
396;396;1.0
396;668;-7.28693181818179e-07
396;961;-2.93181818181818e-06
397;161;-0.0001503126503126503
397;331;-0.00015
397;397;1.0
397;475;-0.075
398;398;1.0
399;162;-0.0313423950043424
399;320;-0.00166496471282742
399;399;1.0
399;622;-0.00464118788063056
399;926;-0.00221903317708495
400;400;1.0
401;162;-0.0217927815515292
401;320;-15.9187731354229
401;401;1.0
401;622;-0.00413344598730038
401;926;-3.53154920467617
402;402;1.0
402;882;-5.4
403;403;1.0
404;404;1.0
405;405;1.0
405;626;-5.0
405;640;-0.001756
406;406;1.0
406;940;-122.4
407;308;-1.00057
407;407;1.0
408;408;1.0
409;97;-0.004139405204460967
409;115;-0.005396530359355638
409;277;-2.348
409;409;1.0
409;606;-5.281948881789138
410;410;1.0
410;979;-3600.0
411;162;-0.367488613088296
411;320;-0.0198673545538969
411;411;1.0
411;622;-0.0481944969103818
411;926;-0.0264742623426067
412;412;1.0
412;486;-0.398867046764798
412;939;-0.549462006361713
413;162;-0.000633125880536691
413;320;-0.000488942602068148
413;413;1.0
414;414;1.0
415;6;-0.7
415;415;1.0
416;6;-0.7
416;135;-1.0
416;201;-1.0
416;283;-0.5
416;286;-0.65
416;416;1.0
416;567;-0.6
416;635;-0.3838709677419355
416;707;-1.0
416;807;-1.0
416;834;-1.0
416;941;-1.0
417;190;-1.97
417;417;1.0
418;51;-1.81133333333333
418;131;-1.81133333333333
418;162;-2.17015471250728
418;187;-2.85
418;252;-4.021359605205234
418;264;-1.81133333333333
418;297;-1.82
418;304;-1.81133333333333
418;310;-1.91
418;320;-1.66954911493118
418;325;0.001866745325280486
418;390;-5.3592
418;407;-1.91
418;412;-1.81133333333333
418;418;1.0
418;442;-2.85
418;489;-1.91
418;601;-0.06
418;622;-0.00123045025896688
418;630;-1.91
418;645;-1.91
418;668;-1.81133333333333
418;835;-1.81133333333333
418;873;-1.81133333333333
418;882;-1.0
418;902;-2.85
418;926;-1.45648391278383
418;961;-1.81133333333333
418;975;-2.85
419;363;-0.9
419;419;1.0
420;208;-4.399393000000001e-09
420;252;-5.213004484304932e-06
420;306;-4.399393000000001e-09
420;420;1.0
420;852;-1.176e-06
420;878;-5.308219178082192e-06
421;309;-26.0
421;421;1.0
422;41;-0.4402
422;187;-1.11972
422;310;-1.11756
422;394;-0.321775
422;407;-1.11756
422;422;1.0
422;442;-1.11972
422;466;-4.8
422;489;-1.19262
422;550;-0.1892
422;630;-1.11756
422;645;-8.819075999999999
422;893;-4.9
422;975;-1.11972
423;15;-80.0
423;423;1.0
423;846;-11.0
423;967;-4800.0
424;162;-0.016295430427857
424;320;-0.00375831909354023
424;424;1.0
424;622;-0.00281709975384097
424;926;-0.00127678507655295
425;368;-0.894
425;425;1.0
425;577;-0.88
425;724;-0.894
425;799;-0.894
426;208;-0.041393706
426;426;1.0
427;427;1.0
427;893;-0.1
428;176;-1.02
428;428;1.0
429;187;-37.223436
429;429;1.0
430;430;1.0
430;567;-3.06
430;590;-0.00989278752436647
431;431;1.0
431;812;-2.969221894193898e-06
432;432;1.0
433;281;-0.016
433;433;1.0
434;434;1.0
434;882;-9.892033725970944e-10
435;435;1.0
436;436;1.0
437;343;-5.348319914762801e-10
437;346;-5.348319914762801e-10
437;387;-5.348319914762801e-10
437;437;1.0
437;599;-5.348319914762801e-10
437;664;-5.348319914762801e-10
437;821;-5.348319914762801e-10
438;38;-0.0336
438;54;-0.0336
438;135;-0.2
438;154;-0.0336
438;187;-0.37944000000000006
438;288;-0.2
438;308;-0.0336
438;309;-55100.0
438;310;-0.38056
438;321;-0.0336
438;394;-0.0199
438;407;-0.27336000000000005
438;427;-0.22
438;438;1.0
438;442;-0.37944000000000006
438;489;-0.08008
438;494;-0.2
438;528;-0.2
438;565;-0.0336
438;630;-0.38056
438;639;-0.0336
438;645;-0.23315999999999998
438;780;-0.0336
438;836;-487.0
438;842;-1.1397599999999999
438;907;-0.0336
438;943;-0.0336
438;954;-0.0336
438;975;-0.37944000000000006
439;439;1.0
439;885;-0.03379
440;298;-2.5563792772878316e-08
440;316;-1.2e-07
440;323;-2.642745211311632e-08
440;325;-9.518493843389662e-05
440;440;1.0
440;492;-3.03e-08
440;493;-3e-08
440;508;-1e-07
440;537;-9.959999999999999e-07
440;597;-4.44e-05
440;630;-2.6263999999999998e-05
440;708;-2.981e-05
440;771;-2.336084194731578e-08
440;918;-2.3824359378088956e-08
441;441;1.0
442;442;1.0
442;565;-1.00057
443;443;1.0
443;475;-0.4833333333333334
444;444;1.0
445;445;1.0
445;528;-0.028
446;167;-1.09529e-07
446;446;1.0
447;51;-0.0204268952836162
447;131;-0.0230416430640749
447;264;-0.0243791831750914
447;304;-0.0321562040816327
447;309;-3310000.0
447;412;-0.0126326061858609
447;447;1.0
447;668;-0.00339001685553305
447;835;-0.0286855867346939
447;873;-0.0249319616493607
447;961;-0.00396079467443311
448;448;1.0
448;832;-0.07352941176470588
449;449;1.0
450;450;1.0
450;630;-0.00070484
451;162;-0.0169705581939628
451;320;-0.0130467681272361
451;451;1.0
451;668;-0.0136265611646145
451;961;-0.0159208680049927
452;51;-20.4
452;131;-19.6
452;162;-23.7954065953778
452;204;-1.0
452;252;-55.5
452;264;-19.6
452;304;-20.4
452;316;-1.0
452;320;-18.2632583940266
452;394;-1.0
452;412;-19.6
452;452;1.0
452;492;-1.0
452;493;-1.0
452;508;-1.0
452;550;-1.0
452;597;-1.0
452;622;-0.116199895315208
452;668;-19.6
452;708;-1.0
452;835;-20.4
452;838;-18.5
452;872;-1.0
452;873;-20.4
452;878;-55.5
452;926;-0.0300510967008486
452;952;-1.0
452;961;-20.4
453;441;-0.43
453;453;1.0
454;454;1.0
454;622;-0.00135157812041046
454;836;-0.0148
455;455;1.0
455;836;-6300.0
456;456;1.0
456;550;-0.02769189189189189
457;287;-1.6230574629562702
457;457;1.0
458;51;-0.000168879069767442
458;131;-0.000138851441241685
458;264;-0.000105755772519954
458;304;-2.43114285714286e-06
458;412;-1.91015892246294e-06
458;458;1.0
458;668;-0.000119691051136364
458;835;-0.0001354
458;873;-2.77037209302326e-06
458;961;-0.000173181818181818
459;253;-1.0
459;459;1.0
460;460;1.0
461;461;1.0
461;708;-0.0142
462;162;-0.00107273937169882
462;320;-0.000701237095408489
462;462;1.0
462;622;-0.00245437021050929
462;836;-6.0
463;325;-0.0001460356150528021
463;463;1.0
464;100;-0.5980556828014455
464;244;-0.41
464;274;-0.94
464;464;1.0
464;761;-0.28
464;855;-0.41
465;465;1.0
465;630;-0.00051188
466;466;1.0
466;893;-0.8
467;162;-0.00193614834770559
467;320;-0.00125163285904052
467;325;-0.0001364426423488863
467;467;1.0
468;468;1.0
468;503;-700.0
469;1;-5.007692307692308
469;173;-4.468085106382978
469;441;-380.0
469;469;1.0
469;575;-380.0
469;598;-5.007692307692308
469;670;-6.54e-06
470;73;-0.5
470;179;-0.5
470;283;-0.32
470;431;-77.31237367774793
470;470;1.0
470;552;-1.0
470;651;-0.38
470;853;-0.0307
470;885;-0.18544
470;892;-1.0
470;931;-0.016385204793981104
471;471;1.0
472;457;-0.025005566688933424
472;472;1.0
473;240;-0.55
473;473;1.0
473;789;-0.55
474;51;-0.0514151055675896
474;131;-0.0611779176849499
474;162;-0.0398738380574056
474;264;-0.0594959111863507
474;304;-0.0145252467184057
474;320;-0.0306678091550663
474;412;-0.00750269225896363
474;474;1.0
474;668;-0.0315373551848569
474;835;-0.0688775510204082
474;873;-0.0130095254440916
474;961;-0.0368473060120659
475;475;1.0
475;812;-8.189734418612424e-06
476;476;1.0
477;162;-0.0169685444277564
477;320;-0.0130455974552433
477;477;1.0
477;668;-0.0136265611646145
477;961;-0.0159208680049927
478;478;1.0
479;479;1.0
480;480;1.0
481;174;-0.87
481;481;1.0
482;482;1.0
482;668;-0.0788376012914659
482;961;-0.0921115040565842
483;6;-2.2e-10
483;127;-6.7e-11
483;130;-7.4e-10
483;177;-7.4e-10
483;202;-7.4e-10
483;283;-3.5e-10
483;286;-2.6e-10
483;445;-7.4e-10
483;483;1.0
483;519;-3.1e-11
483;552;-7.4e-10
483;651;-3.8e-10
483;722;-1.3e-10
483;892;-7.4e-10
483;963;-2.3e-11
484;484;1.0
485;162;-0.00195612901423388
485;320;-0.00153491628692993
485;485;1.0
485;622;-0.00277743618252939
486;203;-11.6966
486;387;-10.2846
486;428;-11.6966
486;486;1.0
486;664;-10.2846
487;487;1.0
488;13;-0.18493
488;488;1.0
488;578;-1500.0
488;627;-1.0
488;798;-0.04830917874396135
488;979;-405.0
489;489;1.0
489;943;-1.00057
490;490;1.0
490;931;-0.055656732557929293
491;491;1.0
491;902;-0.066731592
492;204;-1.01
492;492;1.0
493;407;-35.1616
493;493;1.0
493;628;-1.8388
494;466;-0.3
494;494;1.0
495;23;-0.000773
495;495;1.0
496;496;1.0
496;768;-0.020019900497512438
497;298;-2.5563792772878316e-08
497;323;-2.642745211311632e-08
497;497;1.0
497;771;-2.336084194731578e-08
497;918;-2.3824359378088956e-08
498;498;1.0
499;499;1.0
500;500;1.0
501;46;-500.0
501;446;-2000.0
501;501;1.0
501;558;-3000.0
501;691;-1180.0
501;986;-454.0
502;281;-0.016
502;502;1.0
502;931;-0.0020762074567715785
503;253;-1.0
503;503;1.0
504;504;1.0
504;846;-1.0
505;197;-7.35751288389381e-06
505;298;-7.35751288389381e-06
505;323;-7.35751288389381e-06
505;406;-7.35751288389381e-06
505;505;1.0
505;616;-7.35751288389381e-06
505;771;-7.35751288389381e-06
505;833;-7.35751288389381e-06
505;847;-26700.0
505;918;-7.35751288389381e-06
506;506;1.0
506;551;-0.9949658396260337
507;507;1.0
508;489;-31.116800000000005
508;508;1.0
509;298;-5.368493627631341e-07
509;323;-5.549865371085275e-07
509;325;-0.001467486536042478
509;509;1.0
509;771;-4.905865582798929e-07
509;852;-0.0005529
509;918;-5.003206004680376e-07
510;510;1.0
510;707;-1.0
510;834;-1.0
510;941;-1.0
511;84;-1.0
511;511;1.0
512;162;-7.02038220839227e-06
512;320;-0.000623529044011057
512;512;1.0
513;513;1.0
514;101;-1180.0
514;116;-1.0
514;129;-0.155
514;168;-1.0
514;183;-440.0
514;213;-1.0
514;251;-0.1705
514;281;-0.041
514;514;1.0
514;722;-0.086
514;796;-45.0
514;797;-1.0
514;852;-0.01
514;853;-0.00978
514;885;-0.021846
514;922;-1.0
514;931;-0.0004132465436647745
514;963;-0.15
515;1;-10.8
515;173;-14.4
515;441;-14.4
515;515;1.0
515;575;-14.4
515;598;-10.8
516;23;-0.00341
516;475;-5.008333333333334
516;516;1.0
517;0;-0.007428726581591095
517;171;-3.4406307977736557
517;208;-1.2042e-06
517;306;-1.2042e-06
517;517;1.0
518;518;1.0
518;767;-0.752
519;519;1.0
519;528;-0.048
520;480;-130.0
520;520;1.0
521;325;-0.0005067818123264804
521;521;1.0
522;522;1.0
522;575;-0.43
523;427;-0.038
523;523;1.0
524;524;1.0
524;836;-0.06
525;407;-1.11756
525;489;-1.19262
525;525;1.0
525;550;-0.1892
525;630;-1.11756
525;645;-8.819075999999999
525;975;-1.11972
526;197;-2.603e-06
526;298;-2.603e-06
526;323;-2.603e-06
526;406;-2.603e-06
526;526;1.0
526;616;-2.603e-06
526;771;-2.603e-06
526;833;-2.603e-06
526;918;-2.603e-06
527;156;-0.008100000000000001
527;527;1.0
527;931;-0.001194
527;975;-0.013392000000000001
528;466;-0.59
528;528;1.0
529;529;1.0
530;530;1.0
531;339;-1.0
531;531;1.0
532;13;-0.59361
532;183;-1320.0
532;532;1.0
532;578;-1000.0
532;691;-1180.0
532;796;-180.0
532;931;-0.017635739015048158
532;979;-1300.0
533;533;1.0
534;534;1.0
534;853;-0.006943
535;162;-9.15427765394306
535;320;-0.494586990580956
535;535;1.0
535;622;-1.19921183562428
535;926;-0.659156389588604
536;51;-0.00232558139534884
536;162;-0.000627953552093237
536;304;-0.00204081632653061
536;320;-0.000480746935527555
536;536;1.0
536;835;-0.00204081632653061
536;873;-0.00232558139534884
536;961;-0.00227272727272727
537;41;-1.02459
537;537;1.0
538;538;1.0
539;73;-0.5
539;179;-0.5
539;539;1.0
540;540;1.0
541;115;-0.031548946716232956
541;541;1.0
542;38;-0.000689
542;54;-0.000689
542;98;-20.491803278688526
542;154;-0.000689
542;190;-55.0
542;308;-0.000689
542;321;-0.000689
542;362;-0.4495421245421245
542;542;1.0
542;565;-0.000689
542;639;-0.000689
542;768;-0.17542288557213934
542;780;-0.000689
542;815;-5.646979865771812
542;885;-0.01984
542;907;-0.000689
542;931;-0.28
542;943;-0.000689
542;954;-0.000689
543;543;1.0
543;668;-7.83025568181818e-06
543;961;-2.09318181818182e-05
544;130;-0.3
544;544;1.0
545;545;1.0
545;836;-0.06
546;546;1.0
547;547;1.0
548;548;1.0
548;558;-97.5
549;549;1.0
549;670;-0.000482
549;767;-0.0144
550;550;1.0
550;975;-37.9254
551;511;-1.0
551;551;1.0
552;1;-0.8574855942376951
552;441;-0.022
552;552;1.0
552;575;-0.022
553;553;1.0
554;554;1.0
554;902;-0.06696
555;555;1.0
556;162;-0.00998966547630934
556;320;-0.001458967130662
556;556;1.0
556;622;-0.275730214195585
556;926;-0.00119437116204934
557;97;-0.2631970260223048
557;557;1.0
558;167;-1.09529e-07
558;558;1.0
559;338;-0.1
559;559;1.0
560;560;1.0
561;316;-9e-05
561;493;-5e-05
561;508;-0.0001
561;561;1.0
561;597;-0.0001
561;708;-5e-05
562;562;1.0
563;38;-0.000584
563;54;-0.000584
563;154;-0.000584
563;308;-0.000584
563;321;-0.000584
563;563;1.0
563;565;-0.000584
563;639;-0.000584
563;780;-0.000584
563;907;-0.000584
563;943;-0.000584
563;954;-0.000584
564;6;-0.3
564;127;-0.091
564;130;-1.0
564;177;-1.0
564;202;-1.0
564;281;-0.14
564;283;-0.47
564;286;-0.35
564;445;-1.0
564;448;-1.006
564;519;-0.042
564;552;-1.0
564;564;1.0
564;651;-0.51
564;722;-0.17
564;743;-0.0088
564;892;-1.0
564;913;-0.029
564;963;-0.031
565;565;1.0
566;566;1.0
566;729;-1.0
567;101;-250.0
567;567;1.0
568;253;-1.0
568;568;1.0
569;100;-0.04
569;244;-0.04
569;361;-0.08978289731319902
569;569;1.0
569;761;-0.08
569;855;-0.04
570;252;-0.06626062512549359
570;343;-15.777
570;346;-15.90552
570;570;1.0
570;599;-15.92628
570;821;-15.77786
570;878;-0.08325134337394989
571;571;1.0
572;23;-3.33e-07
572;572;1.0
572;670;-3.33e-07
573;51;-5.91966173361523e-06
573;131;-4.13895048041389e-06
573;264;-3.9908779931585e-06
573;304;-2.88311688311688e-05
573;412;-2.21493728620296e-05
573;573;1.0
573;835;-5.1948051948052e-06
573;873;-3.28541226215645e-05
574;574;1.0
575;575;1.0
576;101;-87.5
576;480;-10.0
576;576;1.0
577;441;-0.16
577;575;-0.16
577;577;1.0
578;164;-1.0
578;578;1.0
579;579;1.0
580;98;-1.867
580;374;-1.71
580;580;1.0
580;790;-1.82
580;815;-0.6567785234899329
580;853;-1.671
580;885;-1.4838
580;931;-6.779
581;309;-5120.0
581;581;1.0
582;0;-0.012598425196850395
582;582;1.0
583;98;0.020491803278688527
583;583;1.0
583;815;0.005646979865771813
583;885;1.984e-05
583;931;0.0022011500000000002
584;197;-9.659999999999999e-08
584;298;-9.659999999999999e-08
584;323;-9.659999999999999e-08
584;406;-9.659999999999999e-08
584;480;-57500.0
584;584;1.0
584;616;-9.659999999999999e-08
584;771;-9.659999999999999e-08
584;833;-9.659999999999999e-08
584;918;-9.659999999999999e-08
585;585;1.0
586;298;-1.0225759972468566e-07
586;323;-1.057123191357365e-07
586;586;1.0
586;771;-9.344558713582851e-08
586;918;-9.529970089439819e-08
587;587;1.0
588;316;-0.00041
588;367;-0.0001751
588;493;-0.00015
588;508;-0.0003
588;588;1.0
588;597;-0.0003
588;708;-0.0001
589;161;-0.0002254689754689755
589;589;1.0
589;950;-0.003006253006253007
590;294;-1.026
590;590;1.0
591;591;1.0
592;592;1.0
592;607;-0.1428571428571428
593;23;-0.000227
593;593;1.0
594;187;-0.0036084000000000003
594;442;-0.0037200000000000006
594;594;1.0
594;931;-0.000549496911943245
595;595;1.0
596;596;1.0
597;310;-29.2388
597;597;1.0
598;598;1.0
599;315;-1.02
599;599;1.0
600;600;1.0
600;743;-0.021
601;601;1.0
601;954;-1.00057
602;197;-2.1219e-11
602;203;-2.54628e-09
602;298;-2.1219e-11
602;323;-2.1219e-11
602;343;-2.54628e-09
602;346;-2.54628e-09
602;387;-2.54628e-09
602;406;-2.1219e-11
602;428;-2.54628e-09
602;599;-2.54628e-09
602;602;1.0
602;616;-2.1219e-11
602;664;-2.54628e-09
602;771;-2.1219e-11
602;821;-2.54628e-09
602;833;-2.1219e-11
602;918;-2.1219e-11
603;297;-0.98
603;601;-2.26
603;603;1.0
604;604;1.0
604;836;-0.18
605;567;-0.9
605;605;1.0
606;277;-1.252
606;606;1.0
607;607;1.0
607;729;-1.0
608;608;1.0
608;836;-0.009
609;162;-0.00181916983795653
609;320;-0.00159953640584049
609;609;1.0
609;622;-0.00222385762236662
610;1;-0.0310984393757503
610;173;-0.03129718599862732
610;441;-0.0067
610;575;-0.0067
610;598;-0.03076923076923077
610;610;1.0
611;309;-4400000.0
611;611;1.0
612;274;-0.02
612;361;-0.01167177665071587
612;363;-0.035
612;612;1.0
612;667;-0.035
613;98;-0.5027
613;129;-0.3317
613;144;-0.25
613;241;-1.0
613;251;-0.3298
613;278;-145.0
613;331;-0.9698499999507729
613;374;-0.6
613;568;-57.0
613;613;1.0
613;640;-0.8439
613;790;-1.0
613;852;-0.45
613;885;-0.43978894899544746
613;923;-16000.0
614;614;1.0
614;975;-0.026784000000000002
615;615;1.0
615;622;-0.00110104980371555
616;616;1.0
616;933;-122.4
617;197;-1.6910012049805864e-06
617;298;-1.6910012049805864e-06
617;323;-1.691001204980586e-06
617;406;-1.6910012049805864e-06
617;616;-1.6910012049805864e-06
617;617;1.0
617;771;-1.6910012049805864e-06
617;825;-0.19
617;833;-1.6910012049805864e-06
617;918;-1.6910012049805864e-06
617;931;-0.00104787516429282
618;557;-0.01
618;618;1.0
619;619;1.0
620;620;1.0
620;743;-1.7e-05
621;621;1.0
622;622;1.0
623;494;-0.79
623;623;1.0
624;100;-0.02
624;244;-0.02
624;361;-0.017192469698272154
624;363;-0.05
624;475;-0.008333333333333333
624;624;1.0
624;667;-0.05
624;761;-0.05
624;855;-0.02
625;625;1.0
626;626;1.0
627;627;1.0
627;729;-0.07284118419824046
628;628;1.0
629;93;-0.00026
629;162;-0.0136909761396828
629;320;-0.00470890944461147
629;325;-0.5843558594445183
629;622;-0.0105195186936715
629;629;1.0
629;926;-0.0121994752581018
630;630;1.0
630;780;-1.00057
631;631;1.0
631;836;-4.78e-07
632;622;-0.00196238011012133
632;632;1.0
633;457;-0.9750612335782676
633;633;1.0
634;634;1.0
634;853;-0.0002934
635;635;1.0
636;41;-3e-05
636;429;-3.2e-05
636;550;-3.2e-05
636;636;1.0
636;897;-0.65
636;975;-0.014508
637;637;1.0
638;288;-0.003
638;638;1.0
639;639;1.0
640;640;1.0
641;641;1.0
642;325;-0.0007857849594006147
642;642;1.0
643;643;1.0
644;97;-1.6784386617100398e-07
644;115;-2.4225526641883498e-06
644;129;-0.06307
644;161;-1.878908128908129e-05
644;251;-0.0571
644;277;-0.007503
644;427;-0.048
644;506;-2.7941389290882783e-05
644;551;-2.2218626393383675e-05
644;606;-0.0006248402555910543
644;644;1.0
644;671;-0.00012427939606527398
644;768;-0.000178407960199005
644;798;-0.1690821256038647
645;321;-1.00057
645;645;1.0
646;343;-2.8615461179087874e-07
646;646;1.0
646;821;-2.8615461179087874e-07
647;551;-0.0050017979144192735
647;647;1.0
647;931;-0.000598
648;648;1.0
649;649;1.0
650;23;-12.5
650;162;-0.0137777054589322
650;240;-5.5
650;297;-3.6416023188405786
650;320;-0.0110946937723843
650;441;-100.0
650;575;-100.0
650;601;-3.6416023188405786
650;622;-0.00654774431206111
650;650;1.0
650;670;-4.68
650;767;-15.73
650;789;-5.5
650;893;-0.0014
650;897;-1.5
651;285;-0.087
651;651;1.0
652;167;-1.09529e-07
652;652;1.0
653;190;-0.09
653;653;1.0
654;654;1.0
654;842;-0.22848000000000002
655;655;1.0
655;836;-3.34
656;656;1.0
656;897;-0.032
657;657;1.0
658;658;1.0
659;659;1.0
660;475;-53.23375
660;660;1.0
661;661;1.0
662;662;1.0
663;190;-0.04
663;663;1.0
664;141;-1.02
664;664;1.0
665;288;-0.089
665;665;1.0
665;743;-0.11
666;666;1.0
666;836;-9.05
667;173;-0.13150308853809195
667;667;1.0
668;383;-0.7708840757066309
668;668;1.0
669;252;-0.00018385650224215247
669;669;1.0
669;878;-0.00018721461187214613
670;161;-0.2405002405002405
670;670;1.0
671;633;-1.497373829641471
671;671;1.0
672;672;1.0
673;162;-0.0110994524930319
673;320;-0.00117812433280683
673;622;-0.00154437743655919
673;673;1.0
674;674;1.0
674;767;-0.01
675;367;-3.3127e-12
675;675;1.0
676;162;-1.7696815784961
676;297;-0.0010754991304347825
676;320;-0.114706878268446
676;601;-0.0010754991304347825
676;603;-0.0005628517823639775
676;622;-0.307008683680048
676;676;1.0
676;926;-0.16792951392205
677;677;1.0
678;678;1.0
679;622;-0.00171401939901084
679;679;1.0
680;627;-1.0
680;680;1.0
680;798;-0.4770531400966183
681;23;-0.00862
681;681;1.0
682;310;-0.0031463199999999998
682;489;-0.00435006
682;630;-0.00620688
682;682;1.0
683;683;1.0
684;684;1.0
684;767;-13.75
685;183;-220.0
685;685;1.0
685;796;-15.0
686;686;1.0
687;687;1.0
688;688;1.0
689;689;1.0
690;690;1.0
691;167;-1.09529e-07
691;691;1.0
692;101;-499.0
692;127;-0.91
692;281;-0.12
692;523;-1.0
692;692;1.0
692;722;-0.25
693;670;-34.4
693;693;1.0
694;241;-0.024390243902439025
694;314;-1120000.0
694;622;-0.00145604107339675
694;640;-0.01874
694;694;1.0
694;790;-0.001
694;852;-0.0158
695;298;-3.067849423399191e-07
695;323;-3.171495108235658e-07
695;695;1.0
695;771;-2.803478581403125e-07
695;918;-2.859104195934065e-07
696;101;-5210.0
696;696;1.0
697;316;-0.00056
697;493;-0.00026
697;508;-0.0003
697;597;-0.0002
697;697;1.0
697;708;-0.00058
698;51;-0.000514151055675894
698;131;-0.000436985126321071
698;264;-0.000424970794188218
698;304;-0.000181565583980071
698;412;-0.000125044870982727
698;668;-0.000242595039883515
698;698;1.0
698;835;-0.000573979591836735
698;873;-0.000162619068051146
698;961;-0.000283440815477429
699;699;1.0
699;767;-1.8
699;897;-46.0
700;700;1.0
701;701;1.0
701;913;-0.97
702;178;-0.03952941176470588
702;702;1.0
703;703;1.0
704;15;-400.0
704;98;-0.164
704;448;-0.12000000000000001
704;635;-0.11388172043010752
704;657;-0.08941176470588236
704;704;1.0
704;773;-7752.0
704;846;-73.0
705;705;1.0
705;931;-0.00808
706;706;1.0
707;173;-0.05600549073438572
707;707;1.0
708;537;-1.8535
708;708;1.0
709;73;-1.0
709;179;-1.0
709;475;-3.217910447761195
709;709;1.0
710;162;-0.232543924271775
710;320;-0.0108739088105711
710;622;-0.0202994118315156
710;710;1.0
710;926;-0.0148954208246597
711;711;1.0
712;23;-0.000555
712;712;1.0
713;713;1.0
713;846;-1.0
714;367;-2.244e-10
714;714;1.0
715;101;-1180.0
715;281;-0.27
715;715;1.0
715;722;-0.57
715;963;-0.97
716;241;-0.024390243902439025
716;640;-0.01874
716;716;1.0
716;790;-0.001
716;852;-0.0158
717;15;-50.0
717;374;-0.3
717;626;-1.0
717;640;-0.1571
717;717;1.0
717;846;-1.0
717;852;-0.15
717;885;-0.01304
717;931;-0.7356
718;718;1.0
718;842;-3.9744e-09
719;252;-2.20868750418312
719;719;1.0
720;720;1.0
721;325;-0.0005055214295259308
721;721;1.0
722;528;-0.034
722;722;1.0
723;38;7.5e-05
723;54;7.5e-05
723;154;7.5e-05
723;308;7.5e-05
723;321;7.5e-05
723;565;7.5e-05
723;639;7.5e-05
723;723;1.0
723;780;7.5e-05
723;907;7.5e-05
723;943;7.5e-05
723;954;7.5e-05
724;1;-0.8574855942376951
724;724;1.0
725;15;-70.0
725;353;-50.0
725;725;1.0
725;846;-8.25
726;274;-0.96
726;361;-0.017192469698272154
726;667;-0.9
726;726;1.0
727;162;-0.306744984291469
727;320;-0.0259878960887963
727;622;-0.0680328030345779
727;727;1.0
727;926;-0.0320925813317704
728;98;-0.164
728;475;-8.333333333333334
728;728;1.0
728;790;-0.25
728;847;-4760.0
729;322;-1.125
729;729;1.0
730;730;1.0
731;731;1.0
732;567;-7.140000000000001
732;635;-0.21368817204301077
732;657;-0.16621848739495798
732;732;1.0
732;832;-0.7444
732;950;-0.05110630110630111
733;733;1.0
734;734;1.0
735;162;-0.247542730884833
735;320;-0.0173753936335754
735;622;-0.044366261423702
735;735;1.0
735;926;-0.0231092268615785
736;736;1.0
737;41;-0.00049762
737;156;-0.0344
737;187;-0.03516144
737;208;-0.2098889884
737;252;-0.17937219730941703
737;306;-0.2098889884
737;310;-0.031589696
737;316;-0.0008367800000000001
737;367;-0.0069788
737;371;-0.00948
737;394;-0.0017653
737;407;-0.031589696
737;429;-0.0002502
737;442;-0.03516144
737;489;-0.0046750704
737;493;-0.0006
737;508;-0.00010842
737;537;-1.875666e-05
737;550;-0.0002502
737;597;-0.0001080169
737;628;-0.00117872
737;630;-0.02533136
737;645;-0.031589696
737;648;-0.03885
737;737;1.0
737;767;-0.55
737;838;-0.74892
737;842;-2.7816
737;878;-0.182648401826484
737;902;-0.01959882
737;975;-0.03516144
738;738;1.0
739;739;1.0
740;740;1.0
741;741;1.0
741;836;-0.0012
742;622;-0.00640857232067048
742;742;1.0
743;288;-0.48
743;743;1.0
744;744;1.0
745;79;-0.57
745;745;1.0
745;867;-1.026
746;746;1.0
747;747;1.0
747;897;-0.1
748;101;-64.0
748;748;1.0
749;353;-80000.0
749;749;1.0
750;750;1.0
750;836;-20.0
751;309;-10.4
751;751;1.0
752;177;-0.75
752;752;1.0
753;325;-0.002866503294966477
753;753;1.0
754;754;1.0
755;755;1.0
755;812;-2.969221894193898e-06
756;187;-0.004259400000000001
756;442;-0.013764
756;756;1.0
757;325;-0.0001154458628583063
757;757;1.0
758;758;1.0
759;15;-80.0
759;129;-0.155
759;251;-0.1705
759;759;1.0
759;846;-11.0
759;852;-0.01
759;885;-0.021846
759;931;-0.188
759;967;-4800.0
760;760;1.0
760;836;-0.00042
761;173;-0.3891557995881949
761;761;1.0
762;51;-2.32891385589489
762;131;-2.77113308624793
762;162;-0.00828384435315468
762;264;-2.69494442151506
762;304;-3.81799367634376
762;320;-0.00179841080721048
762;412;-1.97209948688712
762;622;-0.0138828142427247
762;762;1.0
762;835;-3.11989795918367
762;873;-3.41958294001544
762;926;-0.00281362942100529
763;162;-0.008993995506775
763;320;-0.00293737770579627
763;622;-0.00938760867777839
763;763;1.0
763;926;-0.00182653273671102
764;567;-0.9
764;764;1.0
765;0;-0.0002074395872929677
765;171;-0.00047402597402597407
765;287;-0.0006234188651969644
765;765;1.0
766;281;-0.044
766;283;-0.08
766;519;-0.042
766;651;-0.13
766;743;-0.0019
766;766;1.0
766;913;-0.029
767;361;-0.05611431082074939
767;667;-0.015
767;767;1.0
768;362;-0.9203296703296702
768;768;1.0
769;309;-270000.0
769;769;1.0
770;770;1.0
771;86;-120.0
771;771;1.0
772;772;1.0
773;253;-1.0
773;773;1.0
774;774;1.0
775;775;1.0
776;776;1.0
777;162;-0.00259178733538646
777;320;-0.00199953466502585
777;777;1.0
778;26;0.0079
778;778;1.0
779;162;-0.00108630715115178
779;320;-0.000744766860839538
779;325;-0.001339655855137307
779;779;1.0
780;780;1.0
781;190;-2.96
781;781;1.0
782;101;210000.0
782;782;1.0
783;309;-2000.0
783;783;1.0
784;38;6.27e-06
784;54;6.27e-06
784;154;6.27e-06
784;308;6.27e-06
784;321;6.27e-06
784;565;6.27e-06
784;639;6.27e-06
784;780;6.27e-06
784;784;1.0
784;907;6.27e-06
784;943;6.27e-06
784;954;6.27e-06
785;785;1.0
786;475;-5.0
786;786;1.0
787;298;-5.113001417892904e-09
787;323;-5.285741490950388e-09
787;771;-4.672390324119695e-09
787;787;1.0
787;918;-4.765098213822029e-09
788;338;-0.9
788;459;-143.0
788;788;1.0
789;522;-0.89
789;789;1.0
789;855;-0.94
790;790;1.0
791;791;1.0
792;101;-372.0
792;129;-0.3749
792;251;-0.4122
792;374;-0.05
792;792;1.0
792;852;-0.45
792;885;-0.15315
793;156;-0.018660000000000003
793;793;1.0
794;630;-0.0051992
794;794;1.0
795;13;-0.27397
795;795;1.0
795;979;-600.0
796;164;-1.0
796;796;1.0
797;598;-0.1276923076923077
797;797;1.0
798;322;-0.5997029945432004
798;798;1.0
799;598;-0.25846153846153846
799;799;1.0
800;162;-0.00208537497153399
800;320;-0.00148667187644345
800;622;-0.00401712780773739
800;800;1.0
800;926;-0.00211304387603073
801;801;1.0
802;802;1.0
802;836;-0.006
803;803;1.0
804;635;-0.049903225806451616
804;657;-0.0392436974789916
804;804;1.0
805;805;1.0
806;806;1.0
807;610;-0.22
807;807;1.0
808;808;1.0
809;38;-0.0326
809;54;-0.0326
809;154;-0.0326
809;308;-0.0326
809;309;-315000.0
809;321;-0.0326
809;383;-0.24
809;448;-0.22226666666666667
809;486;-0.18
809;565;-0.0326
809;639;-0.0326
809;780;-0.0326
809;809;1.0
809;836;-81.1
809;888;-0.18
809;907;-0.0326
809;939;-0.18
809;943;-0.0326
809;954;-0.0326
810;316;-0.00036
810;810;1.0
811;202;-1.0
811;811;1.0
812;65;-0.07
812;172;-1.02
812;261;-0.5077966101694915
812;603;-0.125
812;812;1.0
813;156;-0.000238
813;813;1.0
814;814;1.0
815;815;1.0
816;816;1.0
817;817;1.0
818;818;1.0
818;825;-0.81
819;819;1.0
820;314;14400000.0
820;820;1.0
820;847;9520.0
821;4;-1.02
821;821;1.0
822;171;-0.989795918367347
822;822;1.0
823;208;-2.3377536e-08
823;823;1.0
824;281;-0.032
824;798;-0.252415458937198
824;824;1.0
824;931;-0.007063142455494861
825;261;-0.0001765536723163842
825;825;1.0
826;826;1.0
826;832;-0.2555
827;197;-1.39e-07
827;298;-1.39e-07
827;323;-1.39e-07
827;406;-1.39e-07
827;616;-1.39e-07
827;771;-1.39e-07
827;827;1.0
827;833;-1.39e-07
827;918;-1.39e-07
828;15;-120.0
828;41;-0.0035
828;135;-0.1
828;187;-0.15996000000000002
828;204;-0.0035
828;288;-0.1
828;310;-0.32964
828;335;-800.0
828;394;-0.0104257
828;407;-0.1608
828;427;-0.1
828;442;-0.15996000000000002
828;489;-0.1716
828;494;-0.1
828;528;-0.1
828;550;-0.0029
828;628;-0.0183
828;630;-0.1608
828;645;-0.20099999999999998
828;815;-0.1
828;828;1.0
828;846;-36.05
828;952;-0.039
828;975;-0.15996000000000002
829;131;-0.0016629711751663
829;162;-0.00147914315885953
829;264;-0.00160347776510832
829;320;-0.00113594393857479
829;412;-0.00160347776510832
829;668;-0.00159801136363636
829;829;1.0
830;23;-0.000909
830;830;1.0
831;298;-5.1130014178929046e-08
831;323;-5.285741490950388e-08
831;771;-4.6723903241196954e-08
831;831;1.0
831;918;-4.765098213822029e-08
832;832;1.0
833;706;-122.4
833;833;1.0
834;598;-0.06461538461538462
834;834;1.0
835;486;-0.0419179695172896
835;835;1.0
835;888;-0.152942247836367
836;371;-1.69e-08
836;836;1.0
837;837;1.0
838;838;1.0
838;902;-2.2084524
839;622;-0.00249703578510852
839;839;1.0
839;926;-0.00354595307988148
840;840;1.0
841;281;-0.057
841;283;-0.078
841;743;-0.0068
841;841;1.0
841;931;-0.012259
842;842;1.0
842;951;-1.02
843;836;-0.018
843;843;1.0
844;844;1.0
845;98;-0.00048178506375227693
845;845;1.0
845;853;-0.0221
845;885;-7.87e-05
846;145;-1.0
846;758;-1.0
846;846;1.0
847;65;-1.93e-09
847;847;1.0
848;162;-0.00290175254453052
848;320;-0.00237737514445909
848;622;-0.0011229332118067
848;848;1.0
849;431;-46.38742420664875
849;798;-0.05314009661835748
849;849;1.0
850;850;1.0
851;851;1.0
852;852;1.0
853;335;-4000.0
853;853;1.0
854;162;-0.0261283676348811
854;320;-0.00299236352750271
854;622;-0.00661657608854424
854;854;1.0
854;926;-0.0303506736402275
855;855;1.0
856;162;-2.25563122946371e-05
856;190;-1.37
856;320;-0.00112113676833538
856;856;1.0
857;1;-3.0
857;23;-3.47
857;173;-4.0
857;174;-2.88
857;190;-1.88
857;441;-4.0
857;575;-4.0
857;598;-3.0
857;670;-1.3
857;857;1.0
857;893;-0.0004
857;979;-1000.0
858;622;-0.00607286630499613
858;858;1.0
859;859;1.0
860;860;1.0
861;861;1.0
862;852;-0.000695
862;862;1.0
863;23;-0.00328
863;863;1.0
864;0;-0.001629106706489275
864;162;-0.0433926653724011
864;171;-0.7020408163265306
864;197;-0.07489031753632377
864;298;-0.07435244822059708
864;320;-0.0371539117246167
864;325;-0.02239020829548098
864;406;-0.004903199101220616
864;622;-0.0253682826353956
864;771;-0.02175382227891314
864;852;-2.456
864;864;1.0
864;926;-0.00261228258157648
865;865;1.0
866;652;-125.0
866;866;1.0
867;240;-0.95
867;867;1.0
868;15;-400.0
868;101;-5210.0
868;249;-300.0
868;314;-7200000.0
868;431;-34.01744441820909
868;567;-0.9
868;635;-0.11388172043010752
868;657;-0.08941176470588236
868;773;-7752.0
868;846;-73.0
868;868;1.0
869;38;6.89e-07
869;54;6.89e-07
869;154;6.89e-07
869;203;-0.012439
869;308;6.89e-07
869;321;6.89e-07
869;387;-0.007398
869;428;-0.012439
869;565;6.89e-07
869;639;6.89e-07
869;664;-0.007398
869;780;6.89e-07
869;869;1.0
869;907;6.89e-07
869;943;6.89e-07
869;954;6.89e-07
870;870;1.0
871;871;1.0
872;872;1.0
873;486;-0.170117270327586
873;873;1.0
873;939;-0.234346199890742
874;183;-220.0
874;466;-0.15
874;480;-221090.0
874;578;-250.0
874;796;-30.0
874;874;1.0
874;893;-0.16
874;979;-231.2
875;875;1.0
876;252;-8.968609865470851e-06
876;876;1.0
876;878;-9.132420091324201e-06
877;162;-0.00164387905043985
877;320;-0.00109245709612085
877;622;-0.00174956535632019
877;877;1.0
877;926;-0.00250699919896688
878;323;-0.028370194898215767
878;616;-0.028272026488489338
878;833;-0.028271763757474467
878;878;1.0
878;918;-0.027806439371933896
879;162;-2.20591069683144
879;320;-1.69592765886261
879;622;-0.00155582395722054
879;668;-1.77145295139988
879;879;1.0
879;926;-0.00109923138846146
879;961;-2.06971284064905
880;836;-270.0
880;880;1.0
881;881;1.0
882;65;-1.57
882;261;-2.768361581920904
882;882;1.0
883;62;-0.11
883;197;-4.439399999999999e-06
883;298;-4.439399999999999e-06
883;323;-4.439399999999999e-06
883;406;-4.439399999999999e-06
883;616;-4.439399999999999e-06
883;771;-4.439399999999999e-06
883;833;-4.439399999999999e-06
883;883;1.0
883;918;-4.439399999999999e-06
883;931;-0.000838300131434256
884;162;-0.000636956851758024
884;320;-0.000491868099645106
884;884;1.0
885;885;1.0
886;836;-0.0006
886;886;1.0
887;23;-0.0062
887;887;1.0
888;888;1.0
889;325;-0.001287976710850761
889;889;1.0
890;162;-0.0252954512587566
890;320;-0.0201241134900112
890;622;-0.0157097043766782
890;890;1.0
891;891;1.0
892;494;-0.21
892;892;1.0
893;893;1.0
894;622;-0.00394469475403785
894;894;1.0
895;367;-0.97946
895;895;1.0
896;325;-0.01798582820935241
896;896;1.0
897;761;-0.87
897;897;1.0
898;767;-0.00504
898;898;1.0
899;899;1.0
900;162;-0.000608250168842781
900;320;-0.000469432075716452
900;900;1.0
901;314;828000000.0
901;901;1.0
902;639;-1.00057
902;902;1.0
903;161;-0.0001878908128908129
903;903;1.0
904;904;1.0
905;905;1.0
906;836;-0.12
906;906;1.0
907;907;1.0
908;767;-0.0273
908;908;1.0
909;635;-0.31989247311827956
909;657;-0.249327731092437
909;909;1.0
910;910;1.0
910;919;4.0
911;190;0.05
911;343;-0.007398
911;346;-0.012439
911;457;0.7014028056112225
911;599;-0.012439
911;821;-0.007398
911;911;1.0
912;367;-0.97946
912;912;1.0
913;288;-0.13
913;913;1.0
914;208;-1.386149e-05
914;306;-1.386149e-05
914;914;1.0
915;51;-0.00714098688438742
915;131;-0.0161846343081878
915;264;-0.0196745738050101
915;304;-0.0161885599310147
915;835;-0.0212585034013606
915;873;-0.00906204410881319
915;915;1.0
916;916;1.0
917;480;-100.0
917;917;1.0
918;148;-122.4
918;918;1.0
919;919;1.0
920;197;-4.4572893015137695e-12
920;298;-4.456933262302334e-12
920;323;-4.456933262302334e-12
920;406;-4.457301940013404e-12
920;616;-4.457301940013404e-12
920;771;-4.4564226201365225e-12
920;833;-4.4572893015137695e-12
920;842;-6.997199999999999e-10
920;918;-4.456949461487159e-12
920;920;1.0
921;590;-0.9892787524366471
921;921;1.0
922;1;-0.8574855942376951
922;922;1.0
923;253;-1.0
923;923;1.0
924;298;-1.7895140667649304e-07
924;323;-1.849971861583567e-07
924;771;-1.6353033232434125e-07
924;918;-1.6677504241070746e-07
924;924;1.0
925;62;-0.57
925;197;-3.02e-06
925;298;-3.02e-06
925;323;-3.02e-06
925;406;-3.02e-06
925;616;-3.02e-06
925;771;-3.02e-06
925;833;-3.02e-06
925;918;-3.02e-06
925;925;1.0
926;926;1.0
927;84;-0.10241007194244606
927;156;-0.996
927;197;-0.06282513130300131
927;203;-15.90552
927;298;-0.06282011295918416
927;323;-0.06282011295918416
927;387;-15.77765
927;406;-0.06282530944162892
927;428;-15.92628
927;457;-0.1460031173458027
927;557;-0.764830508474576
927;590;-0.0002441520467836257
927;616;-0.06282106566803534
927;633;-0.00039963461977620464
927;664;-15.77786
927;768;-8.815920398009952e-05
927;771;-0.06281291549926048
927;812;-12.31802911534155
927;833;-0.06282119837903925
927;853;-0.1369
927;918;-0.06282034128538083
927;927;1.0
927;931;-1.92
928;298;-2.5563792772878314e-09
928;323;-2.642745211311632e-09
928;771;-2.336084194731578e-09
928;918;-2.3824359378088958e-09
928;928;1.0
929;622;-0.00359023198022541
929;929;1.0
930;162;-0.029230581652662
930;320;-0.00193165614277739
930;622;-0.00480090687595465
930;926;-0.00241061645721254
930;930;1.0
931;931;1.0
932;853;-0.002380952380952381
932;932;1.0
933;933;1.0
934;842;-0.0069264
934;934;1.0
935;240;-0.25
935;789;-0.25
935;897;-0.46
935;935;1.0
936;26;-0.3802
936;936;1.0
937;26;0.76
937;937;1.0
938;23;-0.00182
938;938;1.0
939;939;1.0
940;940;1.0
941;1;-0.8574855942376951
941;941;1.0
942;942;1.0
943;943;1.0
944;197;-0.03267107461838828
944;298;-0.03265979865774224
944;406;-0.03267116725616355
944;771;-0.03210538213467175
944;944;1.0
945;259;-1.02
945;945;1.0
946;98;-8.105646630236795e-05
946;885;-5.26e-06
946;946;1.0
947;197;-4e-07
947;298;-4e-07
947;323;-4e-07
947;406;-4e-07
947;489;-0.0018914896000000003
947;616;-4e-07
947;630;-0.02830348
947;771;-4e-07
947;833;-4e-07
947;918;-4e-07
947;947;1.0
948;127;-0.091
948;130;-0.6
948;445;-1.0
948;722;-0.17
948;743;-0.0002
948;948;1.0
948;963;-0.031
949;79;-4e-10
949;240;-4.6e-10
949;244;-4e-10
949;252;-5.979073243647235e-10
949;274;-4e-10
949;577;-4e-10
949;789;-4.6e-10
949;855;-4e-10
949;867;-4e-10
949;878;-6.0882800608828e-10
949;897;-4e-10
949;949;1.0
950;729;-1.0
950;950;1.0
951;951;1.0
952;645;-58.638400000000004
952;952;1.0
953;309;135000.0
953;953;1.0
954;954;1.0
955;955;1.0
956;956;1.0
957;79;-0.88
957;867;-0.88
957;957;1.0
958;853;-1.2418464626191672e-06
958;958;1.0
959;622;-0.00613545487197076
959;959;1.0
960;630;-0.0006834
960;960;1.0
961;383;-0.2291159242933691
961;961;1.0
962;882;-0.021
962;962;1.0
963;528;-0.0049
963;963;1.0
964;964;1.0
965;47;-1.0
965;98;-0.5027
965;101;-26600.0
965;129;-0.3317
965;241;-1.0
965;251;-0.3298
965;278;-145.0
965;281;-0.0014
965;309;-270000.0
965;312;-1.0
965;331;-0.9698499999507729
965;344;-1.0
965;374;-0.6
965;431;-114.4223130430669
965;519;-0.96
965;567;-0.9
965;568;-57.0
965;623;-1.0
965;638;-1.0
965;651;-0.49
965;743;-0.85
965;790;-0.5
965;836;-210.0
965;847;-4760.0
965;852;-0.3
965;923;-16000.0
965;965;1.0
966;162;-0.0297397474507605
966;320;-0.00220627118232632
966;622;-0.0175140914957901
966;926;-0.00143931567462651
966;966;1.0
967;253;-1.0
967;967;1.0
968;923;-2.2916666666666665
968;968;1.0
969;79;-1.6
969;867;-1.6
969;969;1.0
970;970;1.0
971;971;1.0
972;972;1.0
973;973;1.0
974;325;-0.0001262453990160267
974;974;1.0
975;54;-1.00057
975;975;1.0
976;162;-0.00256785793715849
976;320;-0.00215716032667506
976;622;-0.0134747041131238
976;976;1.0
977;174;-0.338
977;977;1.0
978;978;1.0
979;164;-1.0
979;979;1.0
980;980;1.0
981;607;-0.2857142857142857
981;981;1.0
982;982;1.0
983;162;-0.028379845541182
983;320;-0.00695589502098617
983;622;-0.00560663811036754
983;926;-0.0223117148423697
983;983;1.0
984;98;-0.1665
984;144;-0.03125
984;177;-0.25
984;281;-0.0036
984;285;-0.1
984;363;-0.015
984;374;-0.05
984;475;-0.4833333333333334
984;798;-0.04830917874396135
984;852;-0.045
984;885;-0.00811
984;984;1.0
985;197;-3e-07
985;298;-3e-07
985;323;-3e-07
985;406;-3e-07
985;616;-3e-07
985;771;-3e-07
985;833;-3e-07
985;918;-3e-07
985;985;1.0
986;167;-1.09529e-07
986;986;1.0
987;842;-9.339599999999999
987;987;1.0
